NAME,formula,CAS-nr.,Tc / K,Pc / kPa,vc / cm3 mol-1,??i
ACETALDEHYDE,C2H4O,75-07-0,461,5572.875,154,0.303
ACETAMIDE,C2H5NO,60-35-5,761,6600.31,215,0.451
ACETONITRILE,C2H3N,1975-05-08,548,4833.203,173,0.321
ACETONE,C3H6O,67-64-1,508.1,4701.48,209,0.309
ETHYLENEDIAMINE,C2H8N2,107-15-3,593,6282.15,206,0.51
"1,2-DIBROMOETHANE",C2H4Br2,106-93-4,646,5335.774,252,0.225
ETHYL BROMIDE,C2H5Br,74-96-4,503.8,6231.488,215,0.254
"1,2-ETHANEDIOL",C2H6O2,107-21-1,720,8200.232,186,0.5254
ETHYL IODIDE,C2H5I,1975-03-06,565,5542.478,240,0.161
ETHANOL,C2H6O,64-17-5,516.2,6383.475,167,0.635
DIETHYL ETHER,C4H10O,60-29-7,466.7,3637.568,280,0.281
ETHYLENE OXIDE,C2H4O,75-21-8,469,7194.075,140,0.2
2-PROPEN-1-OL,C3H6O,107-18-6,545,5714.73,203,0.5717
FORMIC ACID,CH2O2,64-18-6,588,5810,118,0.3222
FORMIC ACID ETHYL ESTER,C3H6O2,109-94-4,508.4,4742.01,229,0.283
ANILINE,C6H7N,62-53-3,699,5309.43,270,0.382
METHYL PHENYL ETHER,C7H8O,100-66-3,647.4,4174.59,341,0.3288
2-METHYLPYRIDINE,C6H7N,0109-06-08,621,4600.155,335,0.3
ALPHA-PINENE,C10H16,80-56-8,630,2887.763,484.5,0.3228
ETHYL ACETATE,C4H8O2,141-78-6,523.2,3830.085,286,0.363
2-BUTANOL,C4H10O,78-92-2,536,4194.855,268,0.576
BENZYL ALCOHOL,C7H8O,100-51-6,715,4300,334,0.3872
ETHYLBENZENE,C8H10,100-41-4,617.1,3607.17,374,0.301
BROMOBENZENE,C6H5Br,108-86-1,670,4519.095,324,0.249
CHLOROBENZENE,C6H5Cl,108-90-7,632.4,4519.095,308,0.249
P-DICHLOROBENZENE,C6H4Cl2,106-46-7,685,3951.675,372,0.27
BENZONITRILE,C7H5N,100-47-0,699.4,4215.12,323,0.36
NITROBENZENE,C6H5NO2,98-95-3,712,3495.713,340,0.394
BENZENE,C6H6,71-43-2,562.1,4893.997,259,0.212
HYDROGEN CYANIDE,CHN,74-90-8,456.8,5390.49,139,0.407
BUTYL BROMIDE,C4H9Br,109-65-9,571.1,4629.539,327,0.3471
BROMINE,Br2,7726-95-6,584,10335.15,127,0.132
2-BUTOXYETHANOL,C6H14O2,111-76-2,633.9,3269.758,423.6,0.5114
1-BUTANOL,C4H10O,71-36-3,562.9,4417.77,274,0.59
2-BUTANONE,C4H8O,78-93-3,535.6,4154.325,267,0.329
N-BUTANE,C4H10,106-97-8,425.2,3799.688,255,0.193
"CIS-1,2-DICHLOROETHYLENE",C2H2Cl2,156-59-2,537,5603.272,200,0.21
2-CHLOROETHANOL,C2H5ClO,0107-07-03,582,5799.843,212,0.6776
BUTYL CHLORIDE,C4H9Cl,109-69-3,542,3688.23,312,0.218
CHLOROFORM,CHCl3,67-66-3,536.4,5471.55,239,0.216
3-METHYLPHENOL,C7H8O,108-39-4,705.8,4559.625,310,0.464
CYCLOHEXANE,C6H12,110-82-7,553.8,4080.358,308,0.213
CYCLOPENTANE,C5H10,287-92-3,511.7,4509.976,259,0.1921
CYCLOHEXENE,C6H10,110-83-8,560.4,4905.6,292,0.2741
METHYLCYCLOHEXANE,C7H14,108-87-2,572.1,3479.501,369,0.2477
METHYLCYCLOPENTANE,C6H12,96-37-7,532.7,3789.555,318,0.239
DIBUTYL ETHER,C8H18O,142-96-1,580,2533.125,500,0.5
FORMIC ACID ISOPENTYL ESTER,C6H12O2,110-45-2,577,3130.942,387.5,0.4024
DECANE,C10H22,124-18-5,617.9,2099.454,603,0.49
"N,N-DIETHYLAMINE",C4H11N,109-89-7,496.6,3708.495,301,0.3031
"N,N-DIMETHYLANILINE",C8H11N,121-69-7,687,3627.435,400,0.4049
"1,2-DIBROMOPROPANE",C3H6Br2,78-75-1,640.8,5095.634,331,0.3024
"1,1-DICHLOROETHANE [R 150A]",C2H4Cl2,75-34-3,523,5066.25,240,0.248
"1,2-DICHLORETHANE",C2H4Cl2,0107-06-02,561,5370.225,220,0.286
"TRANS-1,2-DICHLOROETHENE",C2H2Cl2,156-60-5,517,5520,220,0.2131
DICHLOROMETHANE,CH2Cl2,1975-09-02,510,6355,193,0.2027
"1,2-DICHLOROPROPANE",C3H6Cl2,78-87-5,577,4458.3,293.8,0.241
"N,N-DIMETHYLFORMAMIDE (DMF)",C3H7NO,1968-12-02,650,5499.921,262,0.389
DIMETHOXYMETHANE,C3H8O2,109-87-5,490.9,3957.755,213.2,0.2222
"2,4-DIMETHYLPENTANE",C7H16,0108-08-07,519.8,2739.828,418,0.306
"1,4-DIOXANE",C4H8O2,123-91-1,587,5208.105,238,0.288
"2,6-DIMETHYLPYRIDINE",C7H9N,108-48-5,623.8,3901.013,382.7,0.3559
DODECANE,C12H26,112-40-3,658.8,1809.665,713,0.562
BENZALDEHYDE,C7H6O,100-52-7,695,4660.95,318,0.32
ACETIC ACID BUTYL ESTER,C6H12O2,123-86-4,575.7,3141.075,400,0.4345
METHYL ACETATE,C3H6O2,79-20-9,506.8,4691.347,228,0.32
ACETIC ACID,C2H4O2,64-19-7,594.4,5785.657,171,0.4218
FURFURAL,C5H4O2,1998-01-01,657,5512.08,252,0.4522
DIPROPYLAMINE,C6H15N,142-84-7,555.8,3630,407,0.4335
HYDROGEN BROMIDE,HBr,10035-10-6,363.2,8551.83,100,0.063
1-HEXADECENE,C16H32,629-73-2,717,1337.49,900,0.721
HEXANE,C6H14,110-54-3,507.4,3014.419,370,0.2975
HYDROGEN FLUORIDE,HF,7664-39-3,461,6484.8,69,0.372
HEPTANE,C7H16,142-82-5,540.3,2733.748,432,0.3457
2-HEPTANONE,C7H14O,110-43-0,611.5,2989.088,434,0.425
HYDRAZINE,H4N2,0302-01-02,653,14692.13,96.1,0.328
2-METHYLBUTANE,C5H12,78-78-4,460.4,3380.202,306,0.227
2-PROPANOL,C3H8O,67-63-0,508.3,4762.275,220,0.665
DIISOPROPYL ETHER,C6H14O,108-20-3,500,2877.63,386,0.34
"2,2,4-TRIMETHYLPENTANE",C8H18,540-84-1,543.8,2569.602,468,0.303
ISOPRENE,C5H8,78-79-5,483.3,3739.997,266,0.164
METHYL IODIDE,CH3I,74-88-4,528,6586.125,190,0.1421
1-HEXENE,C6H12,592-41-6,504,3206,350,0.2839
DIISOPROPYLAMINE,C6H15N,108-18-9,525,3029.617,385,0.3333
1-METHYL NAPHTHALENE,C11H10,90-12-0,772,3566.64,445,0.334
2-METHYL NAPHTHALENE,C11H10,91-57-6,764.3,3505.845,455,0.3464
METHANOL,CH4O,67-56-1,512.6,8095.868,118,0.559
2-METHYLPENTANE,C6H14,107-83-5,497.7,3039.75,368,0.279
3-METHYLPENTANE,C6H14,96-14-0,504.6,3119.797,368,0.275
2-METHOXYETHANOL,C3H8O2,109-86-4,597.6,5285,263,0.4411
MORPHOLINE,C4H9NO,110-91-8,618,5471.55,253,0.37
DIACETONE ALCOHOL,C6H12O2,123-42-2,606,3600.077,374,0.7565
BUTYLBENZENE,C10H14,104-51-8,660.5,2887.763,497,0.392
4-METHYL-2-PENTANONE,C6H12O,0108-10-01,571,3272.797,371,0.4
3-METHYLPYRIDINE,C6H7N,108-99-6,645,4650.818,288,0.296
4-METHYLPYRIDINE,C6H7N,108-89-4,646,4458.3,325,0.27
2-METHYL-1-PROPANOL,C4H10O,78-83-1,547.7,4296.18,273,0.588
ALPHA-METHYL STYRENE,C9H10,98-83-9,654,3555,413.6,0.342
NAPHTHALENE,C10H8,91-20-3,748.4,4053,410,0.302
NITROMETHANE,CH3NO2,75-52-5,588,6312.547,173,0.346
1-NITROPROPANE,C3H7NO2,0108-03-02,606,3999.997,283,0.3533
1-NONANOL,C9H20O,0143-08-08,671,2546,544,0.6177
OCTANE,C8H18,111-65-9,568.8,2494.622,492,0.394
1-OCTENE,C8H16,111-66-0,566.6,2624.317,464,0.386
2-METHYLPHENOL,C7H8O,95-48-7,697.6,5005.455,282,0.443
1-OCTADECENE,C18H36,112-88-9,739,1134.84,1012,0.837
4-METHYLPHENOL,C7H8O,106-44-5,704.6,5147.31,332,0.515
PENTANE,C5H12,109-66-0,469.7,3369.056,304,0.251
1-PENTANOL,C5H12O,71-41-0,586,3850.35,326,0.58
2-PENTANONE,C5H10O,107-87-9,561.19,3672,301,0.3396
PHENOL,C6H6O,108-95-2,694.2,6130.163,229,0.44
PHOSGENE,CCl2O,75-44-5,455,5674.2,190,0.204
1-PROPANOL,C3H8O,71-23-8,536.7,5167.575,218.5,0.624
PROPIONIC ACID,C3H6O2,1979-09-04,604,4333,221.8,0.5184
1-PROPANETHIOL,C3H8S,0107-03-09,536.6,4529.228,286.3,0.225
"1,2-PROPYLENE OXIDE",C3H6O,75-56-9,482.2,4924.395,186,0.269
PYRIDINE,C5H5N,110-86-1,620,5633.67,254,0.24
NITRIC ACID,HNO3,7697-37-2,520,6890.1,133,0.7144
HYDROGEN CHLORIDE,HCl,7647-01-0,324.6,8308.65,81,0.12
SALICYLIC ACID METHYL ESTER,C8H8O3,119-36-8,709,4090,412,0.5789
CARBON DISULFIDE,CS2,75-15-0,552,7903.35,202,0.115
STYRENE,C8H8,100-42-5,635.2,3870,347.2,0.3007
TETRAETHYLSILANE,C8H20Si,631-36-7,603.7,2602.026,492,0.473
TERT-BUTANOL,C4H10O,75-65-0,506.2,3971.94,275,0.618
TETRADECANE,C14H30,629-59-4,691.8,1572.564,893.7,0.679
TRANS-DECAHYDRONAPHTHALENE,C10H18,0493-02-07,690,3141.075,485,0.2756
"1,2,3,4-TETRAHYDRONAPHTHALENE",C10H12,119-64-2,719.2,3515.978,408.1,0.3207
TETRACHLOROMETHANE,CCl4,56-23-5,556.4,4559.625,276,0.194
TETRAHYDROFURAN,C4H8O,109-99-9,540.2,5187.84,224,0.217
TOLUENE,C7H8,108-88-3,591.7,4113.795,316,0.257
TRIETHYLAMINE,C6H15N,121-44-8,535,3039.75,390,0.329
"1,1,2-TRICHLOROETHANE",C2H3Cl3,79-00-5,602,4154.325,294,0.2454
TETRACHLOROETHYLENE,C2Cl4,127-18-4,620,4458.3,290,0.242
"1,1,1-TRICHLOROETHANE [R140A]",C2H3Cl3,71-55-6,545,4301.246,268,0.216
TRICHLOROETHYLENE,C2HCl3,1979-01-06,571,4914.263,256,0.213
"1',1',1'-TRIFLUOROTOLUENE",C7H5F3,1998-08-08,565,3390.334,356,0.2816
"2,2,5-TRIMETHYLHEXANE",C9H20,3522-94-9,569.8,2330.475,543.5,0.357
"2,2,3-TRIMETHYLBUTANE",C7H16,0464-06-02,531.1,2949.571,398,0.251
TRICHLOROSILANE,HCl3Si,10025-78-2,479,4054.013,268,0.1935
VINYL ACETATE,C4H6O2,0108-05-04,519.13,4185,265,0.3767
WATER,H2O,7732-18-5,647.3,22048.321,56,0.344
M-XYLENE,C8H10,108-38-3,617,3546.375,376,0.331
P-XYLENE,C8H10,106-42-3,616.2,3515.978,379,0.324
NITROETHANE,C2H5NO2,79-24-3,595,4850.002,228,0.3156
METHYLAMINE,CH5N,74-89-5,430,7457.52,140,0.275
DIMETHYLAMINE,C2H7N,124-40-3,437.6,5309.43,187,0.288
2-PROPANETHIOL,C3H8S,75-33-2,512,4346.843,252,0.213
CYCLOPENTANOL,C5H10O,96-41-3,619.5,4900,280,0.4023
FLUOROBENZENE,C6H5F,0462-06-06,560.1,4549.493,271,0.245
TETRACHLOROSILANE,Cl4Si,10026-04-7,507,3749.025,326,0.264
METHYLTRICHLOROSILANE,CH3Cl3Si,75-79-6,517.75,3526,339.7,0.2468
TRIMETHYLCHLOROSILANE,C3H9ClSi,75-77-4,497.8,3201.87,366,0.2674
METHYL BUTYL ETHER,C5H12O,628-28-4,512.78,3371,329,0.311
"1,1,2,2-TETRACHLOROETHANE",C2H2Cl4,79-34-5,650,5127.045,314,0.318
TRICHLOROACETIC ACID ETHYL ESTER,C4H5Cl3O2,515-84-4,640,3349.805,403,0.419
PROPANOIC ACID ETHYL ESTER,C5H10O2,105-37-3,546.5,3363.99,345,0.395
ACETIC ACID 3-METHYLBUTYL ESTER,C7H14O2,123-92-2,586.1,2760,443,0.4722
PROPANOIC ACID BUTYL ESTER,C7H14O2,0590-01-02,594.5,2614.185,449,0.4204
AMMONIA,H3N,7664-41-7,405.6,11277.47,72.5,0.25
VINYL CHLORIDE,C2H3Cl,1975-01-04,429.7,5603.272,186,0.122
"1,2-DIMETHOXYETHANE",C4H10O2,110-71-4,542.7,3960,271,0.3074
PERFLUOROCYCLOPENTANE,C5F10,376-77-2,423.6,2669.914,422,0.409
PERFLUOROPENTANE,C5F12,678-26-2,420.59,2045,470,0.437
TERT.BUTYL CHLORIDE,C4H9Cl,507-20-0,507,3951.675,295,0.19
"1,1,2-TRICHLORO-1,2,2-TRIFLUOROETHANE [R113]",C2Cl3F3,76-13-1,487.25,3411.613,325.1,0.255
HEXAMETHYLENE IMINE,C6H13N,111-49-9,624,4269.835,310,0.3205
FORMALDEHYDE,CH2O,50-00-0,408,6586.125,101,0.2484
N-METHYLFORMAMIDE,C2H5NO,123-39-7,725,7500.076,180,0.492
"N,N-DIMETHYLACETAMIDE",C4H9NO,127-19-5,643,4499.843,285,0.377
ACRYLONITRILE,C3H3N,107-13-1,536,4559.625,210,0.35
ACROLEIN,C3H4O,0107-02-08,506,5167.575,190,0.33
GLYCEROL,C3H8O3,56-81-5,850,7500,255,0.5152
METHACRYLIC ACID,C4H6O2,79-41-4,643,4700.467,270,0.4678
ACETIC ANHYDRIDE,C4H6O3,108-24-7,606,4000,290,0.4419
BUTYRIC ACID,C4H8O2,107-92-6,624,3951.675,292,0.5913
PROPANE,C3H8,74-98-6,369.95,4245.518,203,0.152
ACETIC ACID PROPYL ESTER,C5H10O2,109-60-4,549.4,3333.593,345,0.392
PALMITIC ACID,C16H32O2,1957-10-03,804,1641.465,947,0.9297
BUTYLAMINE,C4H11N,109-73-9,524,4154.325,288,0.396
CYCLOPENTANONE,C5H8O,120-92-3,626,4600,268,0.273
PIPERIDINE,C5H11N,110-89-4,594,4762.275,289,0.2561
CHLORODIFLUOROMETHANE [R22],CHClF2,75-45-6,369.35,4975.057,165,0.215
DICHLORODIFLUOROMETHANE [R12],CCl2F2,75-71-8,385.15,4123.928,217,0.176
PERFLUOROCYCLOBUTANE [R318],C4F8,115-25-3,388.37,2776.305,324.8,0.3505
TETRADECANOIC ACID METHYL ESTER,C15H30O2,0124-10-07,740,1428.683,891,0.7365
PHENYLHYDRAZINE,C6H8N2,100-63-0,750,5197.972,322,0.5565
CYCLOHEXANONE,C6H10O,108-94-1,665.5,3850.35,312,0.1837
CYCLOHEXANOL,C6H12O,108-93-0,650,4260,327,0.3695
HEXADECANOIC ACID METHYL ESTER,C17H34O2,112-39-0,765,1276.695,1002,0.8037
"2,4-DIMETHYLPYRIDINE",C7H9N,108-47-4,647,3951.675,372,0.3488
1-PENTENE,C5H10,109-67-1,464.7,3526.11,300,0.245
TRIBROMOMETHANE [R20B3],CHBr3,75-25-2,685,5643.803,288,0.1958
METHACRYLIC ACID METHYL ESTER,C5H8O2,80-62-6,536,4255.65,320,0.5383
2-METHYL-2-BUTENE,C5H10,513-35-9,470,3445.05,296,0.285
2-METHYL-1-BUTENE,C5H10,563-46-2,465,3445.05,294,0.232
OCTADECANOIC ACID,C18H36O2,1957-11-04,822,1429.696,1057,0.9802
3-METHYL-1-BUTANOL,C5H12O,123-51-3,579.5,3850.35,329,0.58
VINYL BROMIDE,C2H3Br,593-60-2,474,4600.155,197,0.091
HEXANOIC ACID,C6H12O2,142-62-1,663,3201.87,416,0.6701
OCTANOIC ACID,C8H16O2,0124-07-02,694,2695.245,509,0.7792
CHLOROACETYL CHLORIDE,C2H2Cl2O,1979-04-09,581,5109.82,245,0.3582
2-ETHOXYETHANOL,C4H10O2,110-80-5,569.65,4199.921,295,0.6745
2-METHYLPROPYLAMINE,C4H11N,78-81-9,516,4255.65,284,0.3
1-CHLOROOCTANE,C8H17Cl,111-85-3,646.3,2521.979,526,0.4392
"2,3-DIMETHYLPHENOL",C8H10O,526-75-0,722.8,4863.6,387,0.5407
"2,4-DIMETHYLPHENOL",C8H10O,105-67-9,707.6,4356.975,387,0.5136
"2,6-DIMETHYLPHENOL",C8H10O,576-26-1,701,4255.65,387,0.4395
"3,5-DIMETHYLPHENOL",C8H10O,108-68-9,715.6,3647.7,387,0.4976
METHACRYLONITRILE,C4H5N,126-98-7,554,3880.747,265,0.2903
"1,2-PROPANEDIOL",C3H8O2,57-55-6,676.4,5941,237,0.5928
THIOPHENE,C4H4S,0110-02-01,579.4,5694.465,219,0.2
N-METHYL-2-PYRROLIDONE,C5H9NO,872-50-4,721.7,4519.095,310.8,0.3577
3-PENTANONE,C5H10O,96-22-0,561,3738.893,336,0.347
3-HEXANONE,C6H12O,589-38-8,582.82,3323.46,374,0.377
4-HEPTANONE,C7H14O,123-19-3,604,3019.485,431,0.441
FORMIC ACID BUTYL ESTER,C5H10O2,592-84-7,563,3556.507,345,0.3844
2-METHYLFURAN,C5H6O,534-22-5,527.59,4723,246,0.2658
METHYL FORMATE,C2H4O2,107-31-3,487.2,5998.44,172,0.252
N-METHYLACETAMIDE,C3H7NO,79-16-3,718,4979.921,240,0.4651
2-METHYLTETRAHYDROFURAN,C5H10O,96-47-9,537.03,3758,267,0.264
CHLOROACETIC ACID,C2H3ClO2,1979-11-08,680,5649.882,220,0.575
1-HEXANOL,C6H14O,111-27-3,610,3419.719,381,0.56
HEXAFLUOROBENZENE,C6F6,392-56-3,516.7,3303.195,335.1,0.4
ACRYLIC ACID,C3H4O2,1979-10-07,615,5674.2,210,0.56
PERFLUOROHEPTANE,C7F16,335-57-9,477.75,1750,664,0.5559
"2,3-DIMETHYLPENTANE",C7H16,565-59-3,537.3,2910.054,393,0.299
2-METHYLPROPIONIC ACID,C4H8O2,79-31-2,605,3698.363,292,0.61
"2-METHYL-2,4-PENTANEDIOL",C6H14O2,107-41-5,621,4009.43,398,1.0381
BENZOIC ACID METHYL ESTER,C8H8O2,93-58-3,692,3647.7,396,0.4133
"1,3-BENZENEDICARBOXYLIC ACID DIMETHYL ESTER",C10H10O4,1459-93-4,766,2650,563.1,0.6386
BUTYRALDEHYDE,C4H8O,123-72-8,537.2,4316.445,257.6,0.352
"1,3-CYCLOPENTADIENE",C5H6,542-92-7,500,4699.96,232,0.1898
CIS-DECAHYDRONAPHTHALENE,C10H18,0493-01-06,702.3,3201.87,485,0.2849
2-METHYLPROPANE,C4H10,75-28-5,408.8,3639.594,259,0.176
2-PROPENOIC ACID BUTYL ESTER,C7H12O2,141-32-2,644,4540,423,0.3184
2-PROPENOIC ACID ETHYL ESTER,C5H8O2,140-88-5,552,3749.025,320,0.4
"2-BROMO-2-CHLORO-1,1,1-TRIFLUOROETHANE",C2HBrClF3,151-67-7,495,3951.675,296,0.2763
ETHYLAMINE,C2H7N,1975-04-07,456,5623.538,178,0.284
CHLOROETHANE,C2H5Cl,75-00-3,460.4,5268.9,199,0.1895
O-XYLENE,C8H10,95-47-6,630.2,3732,369,0.3118
2-BUTOXYETHYL ACETATE,C8H16O3,0112-07-02,640.2,2695.245,548.7,0.6015
PENTANOIC ACID,C5H10O2,109-52-4,639.9,3629.461,340,0.616
N-METHYLANILINE,C7H9N,100-61-8,702,4802.805,349,0.436
PROPIONITRILE,C3H5N,107-12-0,564.4,4184.722,230,0.318
"2-CHLORO-1,3-BUTADIENE",C4H5Cl,126-99-8,525,4259.703,270,0.1928
1-NONENE,C9H18,0124-11-08,592,2340.608,525,0.43
2-CHLOROPROPANE,C3H7Cl,75-29-6,485,4721.745,230,0.2576
3-CHLORO-1-PROPENE,C3H5Cl,0107-05-01,514.15,4762.265,234,0.13
FURAN,C4H4O,110-00-9,487.03,5323,218,0.2167
1-CHLOROPROPANE,C3H7Cl,540-54-5,503.1,4579.89,254,0.23
ALPHA.-PHENYLETHANOL,C8H10O,98-85-1,667.47,3991.597,385,0.6905
DIBUTYLAMINE,C8H19N,111-92-2,607.5,3110,517,0.5782
ETHYL PROPYL ETHER,C5H12O,628-32-0,500.6,3252.532,339,0.312
DI-N-PROPYL ETHER,C6H14O,111-43-3,530.6,3029.617,391,0.3585
ETHYL BUTYL ETHER,C6H14O,628-81-9,531,3039.75,390,0.3771
1-HEPTANOL,C7H16O,111-70-6,633,3039.75,435,0.56
1-OCTANOL,C8H18O,111-87-5,652.5,2860.405,490,0.5963
1-DECANOL,C10H22O,112-30-1,684.4,2314.263,600,0.6919
DODECANOIC ACID,C12H24O2,0143-07-07,761,2239.283,726,0.8253
TETRADECANOIC ACID,C14H28O2,544-63-8,784,1915.042,836,0.874
DODECANOIC ACID METHYL ESTER,C13H26O2,111-82-0,712,1631.333,781,0.6737
OCTADECANOIC ACID METHYL ESTER,C19H38O2,112-61-8,788,1165.238,1112,0.8645
"2,3-EPOXY-1-PROPANOL",C3H6O2,556-52-5,660.24,5978.55,212,0.4269
ISOPROPYLBENZENE,C9H12,98-82-8,631,3212.003,428,0.3261
BETA-NAPHTHOL,C10H8O,135-19-3,825,4498.83,457,0.507
1-DECENE,C10H20,0872-05-09,615,2208.885,584,0.491
3-METHYL-1-BUTENE,C5H10,563-45-1,450,3515.978,305,0.2274
"TRANS-1,3-PENTADIENE",C5H8,2004-70-8,496,3992.205,275,0.175
2-METHYL-2-PENTENE,C6H12,625-27-4,518,3282.93,351,0.229
"2,3-EPOXY-2-METHYLPENTANE",C6H12O,1192-22-9,580,3242.4,356,0.1453
2-METHYL-3-PENTANONE,C6H12O,565-69-5,577,3199.843,372,0.3254
2-METHYL-3-PENTANOL,C6H14O,565-67-3,576,3460,369,0.5451
"1,3-BUTADIENE",C4H6,106-99-0,425,4326.578,221,0.195
1-BUTEN-3-YNE,C4H4,689-97-4,455,4964.925,202,0.092
"2,3-DIMETHYLBUTANE",C6H14,79-29-8,500,3149.181,361,0.247
1-BUTENE,C4H8,106-98-9,419.6,4022.603,240,0.187
PROPYLBENZENE,C9H12,103-65-1,638.3,3201.87,440,0.344
"2,2-DIMETHYLBUTANE",C6H14,75-83-2,489,3099.532,358,0.231
ETHYL BUTYRATE,C6H12O2,105-54-4,568.8,3141.075,395,0.4379
ACETOPHENONE,C8H8O,98-86-2,709.5,4010.444,386.3,0.377
ACETIC ACID ISOBUTYL ESTER,C6H12O2,110-19-0,561,3010,414,0.4302
MALEIC ANHYDRIDE,C4H2O3,108-31-6,726,6484.8,235,0.3897
ISOCYANIC ACID METHYL ESTER,C2H3NO,624-83-9,491,5572.875,167,0.2744
ISOPROPYLAMINE,C3H9N,75-31-0,471.76,4551,220.6,0.2786
N-PROPYLAMINE,C3H9N,0107-10-08,497,4742.01,233,0.2879
2-ETHYL-1-HEXANOL,C8H18O,104-76-7,640.8,2796.57,494,0.5518
ACETIC ACID ISOPROPYL ESTER,C5H10O2,108-21-4,535,3374.122,343,0.36
CYCLOHEPTANE,C7H14,291-64-5,604.2,3819.953,353,0.2384
CYCLOOCTANE,C8H16,292-64-8,647.2,3559.547,410,0.2536
"1,2,4,5-TETRAMETHYLBENZENE",C10H14,95-93-2,676,2900,480,0.4168
TRIDECANE,C13H28,629-50-5,676,1678.955,823.1,0.623
4-ISOPROPYLTOLUENE,C10H14,99-87-6,653,2826.967,474,0.3685
"1,2,3-TRICHLOROPROPANE",C3H5Cl3,96-18-4,648.15,3951.665,348,0.3283
DICHLORODIMETHYLSILANE,C2H6Cl2Si,75-78-5,520.4,3485.58,358,0.272
P-DIISOPROPYLBENZENE,C12H18,100-18-5,674.74,2357.833,584.2,0.4818
4-ISOPROPYLPHENOL,C9H12O,99-89-8,710,3597.038,434,0.5841
NONANE,C9H20,111-84-2,594.7,2279.813,555.2,0.444
PROPANAL,C3H6O,123-38-6,509.1,5268.9,206.3,0.2449
METHYL PROPANOATE,C4H8O2,0554-12-01,530.8,4002.338,282,0.352
ETHYLCYCLOHEXANE,C8H16,1678-91-7,609,3029.617,420,0.2444
DIETHYLENE GLYCOL MONOBUTYL ETHER,C8H18O3,112-34-5,692.3,2789.477,536,0.6471
OCTANOIC ACID METHYL ESTER,C9H18O2,0111-11-05,644,2249.415,561,0.5378
DECANOIC ACID METHYL ESTER,C11H22O2,110-42-9,681,1889.711,671,0.603
1-NAPHTHOL,C10H8O,90-15-3,825,4853.468,420,0.4735
METHYL BUTYL AMINE,C5H13N,110-68-9,539,3323.46,346,0.347
ACETIC ACID PENTYL ESTER,C7H14O2,628-63-7,597.8,2664.847,468.7,0.4515
FORMIC ACID PROPYL ESTER,C4H8O2,110-74-7,538,4063.132,285,0.315
ETHYL METHYL SULFIDE,C3H8S,624-89-5,533,4255.65,259,0.208
DIETHYL SULFIDE,C4H10S,352-93-2,557.8,3900,317.6,0.2762
ETHYL BUTYL AMINE,C6H15N,13360-63-9,554,2826.967,401,0.363
1-BUTANOIC ACID BUTYL ESTER,C8H16O2,109-21-7,612.1,2310.21,506,0.4852
"1,4-DICYANOBUTANE",C6H8N2,111-69-3,781,2830.007,406,0.5576
BENZOIC ACID,C7H6O2,65-85-0,752,4559.625,341,0.6383
HEXAMETHYL DISILOXANE,C6H18OSi2,107-46-0,516.6,1909.976,620,0.4145
METHYL ISOPROPYL KETONE,C5H10O,563-80-4,552.8,3850.35,310,0.3244
PROPANOIC ACID PROPYL ESTER,C6H12O2,106-36-5,571,3141.075,395,0.4361
QUINOLINE,C9H7N,91-22-5,782,3799.688,402.4,0.2389
EPICHLOROHYDRIN,C3H5ClO,106-89-8,610,4900.077,233,0.2562
TRIETHYLENE GLYCOL,C6H14O4,112-27-6,797,3300.155,441,0.5842
CHLOROTRIFLUOROMETHANE [R 13],CClF3,75-72-9,302,3921.278,180,0.18
DIETHYLENE GLYCOL MONOMETHYL ETHER,C5H12O3,111-77-3,672,3670,371,0.5141
N-ETHYL-SEC.BUTYLAMINE,C6H15N,21035-44-9,543,2897.895,393,0.3507
TRANS-2-BUTENE,C4H8,624-64-6,428.6,4103.663,238,0.214
CARBONIC ACID DIMETHYL ESTER,C3H6O3,616-38-6,557,4800,252.2,0.3321
5-NONANONE,C9H18O,502-56-7,640,2320.342,560,0.514
DIETHYLENE GLYCOL ETHYL ETHER,C6H14O3,111-90-0,670,3167,426,0.4795
ISOBUTYLENE,C4H8,0115-11-07,417.9,4002.338,239,0.19
2-METHYLPROPANAL,C4H8O,78-84-2,513,4154.325,274,0.325
CIS-2-BUTENE,C4H8,590-18-1,435.6,4204.988,234,0.202
TERT-BUTYLAMINE,C4H11N,75-64-9,483.9,3840.218,292.6,0.274
DIETHYLENE GLYCOL,C4H10O3,111-46-6,753,4770.381,316,0.5799
3-METHYLHEXANE,C7H16,589-34-4,535.2,2809.742,404,0.324
2-PROPENOIC ACID METHYL ESTER,C4H6O2,96-33-3,536,4249.57,270,0.3475
PERFLUOROHEXANE,C6F14,355-42-0,451.7,1904.91,560,0.4943
"2,2-DIMETHYLPROPANE",C5H12,463-82-1,433.8,3195.791,307,0.197
TETRAMETHYLSILANE,C4H12Si,75-76-3,448.64,2820.888,361,0.242
4-METHYL-2-PENTANOL,C6H14O,0108-11-02,574.4,3649.727,380,0.5723
BIPHENYL,C12H10,92-52-4,773,3380,502,0.403
DIPHENYLMETHANE,C13H12,101-81-5,767,2978.955,562.7,0.4619
SEC-BUTYLBENZENE,C10H14,135-98-8,664,2948.558,474,0.2971
2-METHYL-1-PENTENE,C6H12,763-29-1,505,3293.063,351,0.274
4-METHYL-1-PENTENE,C6H12,691-37-2,493,3100.545,238,0.248
5-VINYLBICYCLO[2.2.1]HEPT-2-ENE,C9H12,3048-64-4,620,3300,408.7,0.2931
DICYCLOPENTADIENE,C10H12,77-73-6,665,3755.105,450,0.3484
EICOSANE,C20H42,112-95-8,767,1070,1156,0.8805
"1,3,5-TRIMETHYLBENZENE",C9H12,108-67-8,637.3,3130.942,433,0.3796
O-NITROTOLUENE,C7H7NO2,88-72-2,720,3404.52,400,0.439
M-NITROTOLUENE,C7H7NO2,1999-08-01,725,3049.883,400,0.4381
P-NITROTOLUENE,C7H7NO2,99-99-0,735,2999.22,400,0.4287
5-ETHYL-2-METHYLPYRIDINE,C8H11N,104-90-5,662,3343.725,427,0.4267
DECANOIC ACID,C10H20O2,334-48-5,726,2097.428,638,0.8774
OCTAMETHYLTRISILOXAN,C8H24O2Si3,107-51-7,562.9,1419.563,880,0.531
OCTAMETHYLCYCLOTETRASILOXANE,C8H24O4Si4,556-67-2,586.5,1324.318,970,0.5867
ISOQUINOLINE,C9H7N,119-65-3,803,4600.155,442,0.2564
QUINALDINE,C10H9N,91-63-4,787,4904.13,471,0.3967
DIPHENYL ETHER,C12H10O,101-84-8,766,3141.075,504,0.44
4-METHYLQUINOLINE,C10H9N,491-35-0,797,4650.818,498,0.4792
7-METHYLQUINOLINE,C10H9N,612-60-2,797,4802.805,490,0.421
1-UNDECANOL,C11H24O,112-42-5,702,2198.753,718,0.6724
HEXADECANE,C16H34,544-76-3,722.4,1401.325,1034,0.742
M-TERPHENYL,C18H14,1992-06-08,883,2480,724.3,0.638
"1,2,4-TRIMETHYLBENZENE",C9H12,95-63-6,649.1,3232.267,430,0.3771
"1,2,3-TRIMETHYLBENZENE",C9H12,526-73-8,664.5,3455.182,430,0.3669
DIETHYLENE GLYCOL MONOPROPYL ETHER,C7H16O3,6881-94-3,687,2999.22,518.7,0.5547
TRIMETHYLAMINE,C3H9N,75-50-3,433.2,4073.265,254,0.195
1-DODECANOL,C12H26O,112-53-8,717,1994,718,0.7202
SULFOLANE,C4H8O2S,126-33-0,855,5029.773,336.5,0.3463
MONOETHANOLAMINE,C2H7NO,141-43-5,667.12,7573.03,196,0.5684
NONYLBENZENE,C15H24,1081-77-2,741,1899.996,790,0.6095
CHLOROPERFLUOROETHANE [R115],C2ClF5,76-15-3,353.05,3125.8,252,0.2493
"1,2-DICHLOROTETRAFLUOROETHANE [R114]",C2Cl2F4,76-14-2,418.85,3269.758,293.1,0.246
DICHLOROFLUOROMETHANE [R21],CHCl2F,75-43-4,451.6,5167.575,197,0.202
HEPTADECANE,C17H36,629-78-7,735.9,1341.543,1103,0.7564
4-METHYL-3-PENTEN-2-ONE,C6H10O,141-79-7,597,3749.025,278,0.4004
"2-BUTYNE-1,4-DIOL",C4H6O2,110-65-6,691.67,5860.638,260,1.1282
DIISOBUTYL ETHER,C8H18O,628-55-7,562,2549.996,485,0.4179
"2,2,3,3-TETRAFLUORO-1-PROPANOL",C3H4F4O,76-37-9,557.2,4850,266.8,0.5383
"3,4-DIMETHYLPYRIDINE",C7H9N,583-58-4,683.8,4123.928,351,0.341
"2,4,6-TRIMETHYLPYRIDINE",C8H11N,108-75-8,645,3201.87,427,0.4099
METHANETHIOL,CH4S,74-93-1,470,7234.605,145,0.1488
DIMETHYL ETHER,C2H6O,0115-10-06,400,5370.225,164,0.2033
METHYL CHLORIDE,CH3Cl,74-87-3,416.3,6677.318,139,0.1485
1-UNDECENE,C11H22,821-95-4,637,1996.103,626,0.518
PHTHALIC ACID DIETHYL ESTER,C12H14O4,84-66-2,762.15,2330,642,0.7011
1-HEXYNE,C6H10,0693-02-07,539.29,3762.197,331,0.146
"2,2-DIMETHYLPROPIONALDEHYDE",C5H10O,630-19-3,523,3688.23,320,0.2999
"2-METHYL-2,3-EPOXYBUTANE",C5H10O,5076-19-7,534.8,3399.454,301,0.196
PYRROLIDINE,C4H9N,123-75-1,568.6,5613.405,249,0.2742
"2,3-DIMETHYL-2-BUTENE",C6H12,563-79-1,524,3363.99,351,0.239
ISOPROPYLCYCLOHEXANE,C9H18,696-29-7,640,2837.1,470,0.237
TRIFLUOROACETIC ACID,C2HF3O2,1976-05-01,491.3,3258.004,204,0.54
1-HEPTENE,C7H14,592-76-7,537.2,2837.1,405,0.3316
"1,5-HEXADIENE",C6H10,592-42-7,507,3445.05,328,0.2417
BUTANOIC ACID PROPYL ESTER,C7H14O2,105-66-8,592.5,2799.61,442,0.4484
1-PENTYNE,C5H8,627-19-0,493.4,4053,278,0.164
DOCOSANE,C22H46,629-97-0,787,980,1252,0.9423
ETHOXYBENZENE,C8H10O,103-73-1,647,3424.775,389,0.4153
OCTYL ACETATE,C10H20O2,112-14-1,661,1985.97,653.8,0.537
"1,4-BUTANEDIOL",C4H10O2,110-63-4,727,6222,297,0.714
2-HEXANONE,C6H12O,591-78-6,587,3323.46,374,0.3877
"1,1,1,2-TETRACHLOROETHANE [R130A]",C2H2Cl4,630-20-6,626,4468.432,333,0.269
PENTACHLOROETHANE,C2HCl5,1976-01-07,646,3536.243,376,0.3478
GAMMA-BUTYROLACTONE,C4H6O2,96-48-0,731,5131,244,0.3425
3-METHYLHEPTANE,C8H18,589-81-1,563.6,2550.35,464,0.3712
O-METHYLANILINE,C7H9N,95-53-4,710,4650.818,343,0.4017
"1,1,2,2-TETRABROMOETHANE",C2H2Br4,79-27-6,806,6258.845,402,0.361
METHYL OLEATE,C19H36O2,112-62-9,774.09,1278.3,1092,0.9388
"2,4,6-TRIMETHYL-1,3,5-TRIOXANE",C6H12O3,123-63-7,579,3499.766,365,0.4298
NONADECANE,C19H40,629-92-5,756,1160,1087,0.8486
DIMETHYL OXALATE,C4H6O4,553-90-2,628,3982.072,326,0.558
PERFLUOROMETHYLCYCLOHEXANE,C7F14,0355-02-02,486.7,2330.475,570.1,0.4857
3-METHYL-2-PENTANONE,C6H12O,565-61-7,579,3310.288,368,0.338
"3,3-DIMETHYL-2-BUTANONE",C6H12O,75-97-8,571.5,3470,371,0.2882
"2,4-DIMETHYL-3-PENTANONE",C7H14O,565-80-0,582,3384.255,415,0.4
2-METHYL-1-BUTANOL,C5H12O,137-32-6,571,3850.35,322,0.6137
"2,2-DIMETHYL-1-PROPANOL",C5H12O,75-84-3,549,3951.675,319,0.62
2-PENTANOL,C5H12O,6032-29-7,561.15,3870.605,329,0.6263
3-METHYL-2-BUTANOL,C5H12O,598-75-4,556.1,3870,327,0.5149
TERT-PENTANOL,C5H12O,75-85-4,545,3710,319,0.4646
3-METHYL-3-PENTANOL,C6H14O,77-74-7,575.6,3520,380,0.5061
3-HEXANOL,C6H14O,623-37-0,582.48,3360,382.7,0.5934
(+-)-2-HEXANOL,C6H14O,626-93-7,586.15,3310.004,384,0.5998
1-BROMO-2-CHLORO ETHANE,C2H4BrCl,107-04-0,605,5491.815,262,0.236
"1,3-DICHLOROPROPANE",C3H6Cl2,142-28-9,610.3,4247.544,300,0.2614
DIBROMOMETHANE [R30B2],CH2Br2,74-95-3,583,6499.999,211,0.3029
FORMAMIDE,CH3NO,1975-12-07,771,7799.999,125,0.4378
DIPHENYLAMINE,C12H11N,122-39-4,931.15,8140,520,0.3047
O-CHLOROTOLUENE,C7H7Cl,95-49-8,635,4014.496,369,0.4322
ETHYL BENZOATE,C9H10O2,93-89-0,697,3242.4,451,0.48
PROPYL BROMIDE,C3H7Br,106-94-5,539,4798,272,0.2517
1-PROPOXY-2-PROPANOL,C6H14O2,1569-01-03,605.1,3051,398,0.4966
PERFLUOROCYCLOHEXANE,C6F12,355-68-0,457.2,2431.8,489,0.4782
3-METHYL BUTYRIC ACID,C5H10O2,503-74-2,629,3394.388,336,0.7598
METHYL BUTANOATE,C5H10O2,623-42-7,554.4,3475.447,340,0.382
1-HEXADECANOL,C16H34O,36653-82-4,770,1460.093,937,0.8156
1-OCTADECANOL,C18H38O,112-92-5,790,1279.735,1047,0.8661
N-UNDECANE,C11H24,1120-21-4,638.4,1948.48,688.6,0.535
2-METHYLOCTANE,C9H20,3221-61-2,582.8,2310.21,541,0.4499
"2,3,4-TRIMETHYL PENTANE",C8H18,565-75-3,566.4,2729.696,460,0.317
PENTADECANE,C15H32,629-62-9,707,1479.345,966,0.6897
PROPYLENE CARBONATE,C4H6O3,108-32-7,762.7,4140,250,0.4107
OCTYLBENZENE,C14H22,2189-60-8,728,2036.633,720,0.5634
"1,3-PROPANEDIOL",C3H8O2,504-63-2,718.2,6550,241,0.6309
1-BUTYLNAPHTHALENE,C14H16,1634-09-09,791.75,2591.893,610,0.5141
1-ETHYLNAPHTHALENE,C12H12,1127-76-0,775.6,3100.545,553,0.3767
"1,6-HEXANEDIOL",C6H14O2,0629-11-08,700,3000,398,0.9606
1-OCTYNE,C8H14,629-05-0,598.46,3100.545,441,0.2619
2-ETHYL HEXANOIC ACID,C8H16O2,149-57-5,674.6,2776.305,548,0.8176
HEPTANOIC ACID,C7H14O2,111-14-8,679,2877.63,466,0.7297
ISOPROPYL BROMIDE,C3H7Br,75-26-3,525.6,5530.319,264,0.2645
P-CHLOROTOLUENE,C7H7Cl,106-43-4,640,4004.364,362,0.4228
1-DODECENE,C12H24,112-41-4,657,1854.247,681,0.5192
VALERALDEHYDE,C5H10O,110-62-3,566.1,3971.94,313.2,0.3304
HEXANAL,C6H12O,66-25-1,591,3455.182,378,0.3847
HEPTANAL,C7H14O,111-71-7,614,3232.267,434,0.4258
OCTANAL,C8H16O,124-13-0,638.1,2958.69,488,0.4318
NONANAL,C9H18O,124-19-6,656,2690.179,543,0.5132
INDENE,C9H8,95-13-6,695.15,3799.688,368.5,0.2571
2-METHYLHEXANE,C7H16,591-76-4,530.4,2739.828,421,0.33
"2,4-DIMETHYLHEXANE",C8H18,589-43-5,553.5,2560.483,472,0.343
TERT-BUTYLBENZENE,C10H14,1998-06-06,660,2968.822,489.8,0.265
"1,2-DIHYDROXYBENZENE",C6H6O2,120-80-9,770,6494.932,292,0.5145
M-PHENYLENEDIAMINE,C6H8N2,108-45-2,815,4799.765,322,0.558
TETRAHYDROPYRAN,C5H10O,142-68-7,572.2,4772.407,263,0.218
TRICHLOROACETIC ACID,C2HCl3O2,1976-03-09,685,5099.687,293,0.5911
"1,2-DICYANOETHANE",C4H4N2,110-61-2,770,3540.295,300,0.5949
"2,7-DIMETHYLOCTANE",C10H22,1072-16-8,602.9,2097.428,590,0.4459
ETHYLCYCLOPENTANE,C7H14,1640-89-7,569.5,3400.467,375,0.2708
ISOPROPYLCYCLOPENTANE,C8H16,3875-51-2,601,2999.22,426,0.24
DECALIN <ISOMER NOT SPECIFIED>,C10H18,91-17-8,645.15,2010,485,0.4155
"2,3-DIMETHYL-1-BUTENE",C6H12,563-78-0,501,3242.4,343,0.221
NONANOIC ACID,C9H18O2,112-05-0,712,2350.74,594,0.7603
O-DICHLOROBENZENE,C6H4Cl2,95-50-1,697.3,4103.663,360,0.272
M-METHYLANILINE,C7H9N,108-44-1,709,4154.325,343,0.4078
"1,3-DIHYDROXYBENZENE",C6H6O2,108-46-3,810,6750.272,292,0.6413
METHYL TERT-BUTYL ETHER,C5H12O,1634-04-04,497.1,3434.918,319,0.267
"1,4-PENTADIENE",C5H8,591-93-5,478,3789.555,276,0.1473
METHYL PROPYL ETHER,C4H10O,557-17-5,472,3800.701,274,0.3107
METHYL ISOPROPYL ETHER,C4H10O,598-53-8,464.5,3759.157,277,0.2633
ACETANILIDE,C8H9NO,103-84-4,825,4701.48,407,0.6168
1-TETRADECANOL,C14H30O,112-72-1,743,1669.836,826,0.781
2-METHYLPIPERIDINE,C6H13N,0109-05-07,598,3799.688,340,0.2669
DIPENTYL ETHER,C10H22O,693-65-2,627,1996.103,611,0.5315
"CIS-1,2-DIMETHYLCYCLOHEXANE",C8H16,2207-01-04,606,2938.425,422,0.2323
CYCLOPENTENE,C5H8,142-29-0,507,4801.792,245,0.194
1-METHYLCYCLOHEXENE,C7H12,591-49-1,584.2,3566.64,353.6,0.2576
O-CHLOROANILINE,C6H6ClN,95-51-2,730,4600.155,337,0.373
M-CHLOROANILINE,C6H6ClN,108-42-9,753,5005.455,337,0.4071
P-CHLOROANILINE,C6H6ClN,106-47-8,756,4448.168,337,0.417
2-NITROANILINE,C6H6N2O2,88-74-4,800,5501.947,370,0.708
3-NITROANILINE,C6H6N2O2,1999-09-02,840,5005.455,370,0.63
4-NITROANILINE,C6H6N2O2,0100-01-06,870,5501.947,370,0.764
METHYL TERT-AMYL ETHER,C6H14O,0994-05-08,534,3113.717,377,0.3103
TRANS-2-OCTENE,C8H16,13389-42-9,580,2766.172,460,0.35
DEUTERIUM OXIDE,D2O,7789-20-0,644,21663.29,55.6,0.388
HEXYL ACETATE,C8H16O2,142-92-7,618.4,2381.138,523.9,0.5042
INDANE,C9H10,0496-11-07,684.9,3789.555,383.5,0.2913
"1,3-DIMETHYL NAPHTHALENE",C12H12,575-41-7,781.2,3313.328,534,0.4126
"1,4-DIMETHYL NAPHTHALENE",C12H12,571-58-4,790.2,3363.99,534,0.3933
1-PENTADECANOL,C15H32O,629-76-5,757,1599.922,882,0.8072
"2,2'-DIETHANOLAMINE",C4H11NO2,111-42-2,715,3269.758,333,1.0463
METHYL PENTANOATE,C6H12O2,624-24-8,579,3090.413,396,0.3481
ETHYL VALERATE,C7H14O2,539-82-2,593.3,2654.715,451,0.3552
BUTYL VALERATE,C9H18O2,591-68-4,636,2087.295,561,0.4786
ISOPROPYL BUTYRATE,C7H14O2,0638-11-09,579,2614.185,443,0.325
ALLYLCYANIDE,C4H5N,109-75-1,585,3951.675,265,0.3596
TRIFLUOROBROMOMETHANE [R13B1],CBrF3,75-63-8,340.2,3971.94,200,0.1687
"1,1-DIFLUOROETHANE [R152A]",C2H4F2,75-37-6,386.35,4515.7,181,0.2586
ETHANETHIOL,C2H6S,1975-08-01,499,5491.815,207,0.186
SEC-BUTYLAMINE,C4H11N,13952-84-6,511,3969.995,282,0.2998
SEC-BUTYL CHLORIDE,C4H9Cl,78-86-4,520.6,3951.665,305,0.3
SEC-BUTYLCYCLOHEXANE,C10H20,7058-01-07,669,2674.98,522,0.264
"1,2-HEPTENOXIDE",C7H14O,5063-65-0,610,2705.378,417,0.3282
ANTHRACENE,C14H10,0120-12-07,873.1,3404.52,554,0.5159
PHENANTHRENE,C14H10,1985-01-08,873.1,3171.472,554,0.4734
2-OCTANOL,C8H18O,123-96-6,637,2735.775,494,0.52
CIS-2-PENTENE,C5H10,627-20-3,476,3597.038,292,0.233
"2,4-DIMETHYLANILINE",C8H11N,95-68-1,714,4002.338,402,0.4972
TRIBUTYLAMINE,C12H27N,102-82-9,643,1823.85,731,0.5884
1-PROPYL NAPHTHALENE,C13H14,2765-18-6,781.15,2923.226,566.9,0.456
HEXYLBENZENE,C12H18,1077-16-3,695.4,2554.403,582.6,0.529
BUTANENITRILE,C4H7N,109-74-0,585.4,3819.953,285,0.3325
"1-CHLORO-1,2,2,2-TETRAFLUOROETHANE [R124]",C2HClF4,2837-89-0,395.65,3718.628,245.7,0.3003
ETHYLENIMINE,C2H5N,151-56-4,528,7700.7,150,0.3139
"CIS-1,3-PENTADIENE",C5H8,1574-41-0,488,3989.996,275,0.2552
ISOBUTYL FORMATE,C5H10O2,542-55-2,549,3556.507,352,0.3725
2-OCTANONE,C8H16O,111-13-7,629,2624.318,497,0.479
2-METHYL-1-PENTANOL,C6H14O,105-30-6,582,3400.467,380,0.7262
TRIPROPYLAMINE,C9H21N,102-69-2,600,2229.15,566,0.452
PENTYLBENZENE,C11H16,538-68-1,679.9,2604.053,550,0.4274
VINYL PROPIONATE,C5H8O2,105-38-4,546,3680.124,323,0.3691
TETRAHYDROTHIOPHENE,C4H8S,110-01-0,632,5167.575,264.8,0.1988
TRIETHANOLAMINE,C6H15NO3,102-71-6,787,2450.039,446,1.1008
BENZO(B)THIOPHENE,C8H6S,95-15-8,752.1,3880.747,375.8,0.2927
O-ANISIDINE,C7H9NO,90-04-0,728,5846.453,367,0.5558
TERT-BUTYL BROMIDE,C4H9Br,507-19-7,540.5,4793.686,310,0.2454
4-ALLYL-2-METHOXYPHENOL,C10H12O2,97-53-0,778.7,4105,500,0.4526
2-ETHYLPYRIDINE,C7H9N,100-71-0,634,4103.663,372,0.3512
TETRAFLUOROMETHANE [R14],CF4,75-73-0,227.5,3738.893,140,0.176
CIS-2-HEXENE,C6H12,7688-21-3,512,3201.87,351,0.288
SQUALANE,C30H62,0111-01-03,795.9,509.665,1645,1.2135
BENZYLCYANIDE,C8H7N,140-29-4,745,4002.338,397,0.4131
TRANS-2-HEXENE,C6H12,4050-45-7,508,3120.81,351,0.299
TRANS-3-HEXENE,C6H12,13269-52-8,510,3282.93,351,0.292
1-NITROBUTANE,C4H9NO2,0627-05-04,625,3800.002,338,0.4004
CARBON DIOXIDE,CO2,124-38-9,304.2,7376.46,94,0.2252
METHANE,CH4,74-82-8,190.6,4600.155,99,0.008
OXYGEN,O2,7782-44-7,154.6,5045.985,73.4,0.021
ETHYLENE,C2H4,74-85-1,282.35,5041.628,129,0.085
ETHANE,C2H6,74-84-0,305.4,4883.865,148,0.098
PROPYLENE,C3H6,0115-07-01,365,4620.42,181,0.148
NITROGEN,N2,7727-37-9,126.2,3394.388,89.5,0.04
CARBON MONOXIDE,CO,630-08-0,132.9,3475.447,93.1,0.049
ARGON,Ar,7440-37-1,150.8,4873.732,74.9,-0.004
CHLORINE,Cl2,7782-50-5,417,7700.7,124,0.073
KRYPTON,Kr,7439-90-9,209.4,5501.947,91.2,-0.002
DINITROGEN MONOXIDE,N2O,10024-97-2,309.6,7244.738,97.4,0.1733
XENON,Xe,7440-63-3,289.7,5836.32,118,0.002
HYDROGEN,H2,1333-74-0,33.2,1296.96,65,-0.22
ETHYNE,C2H2,74-86-2,308.3,6140.295,113,0.184
HYDROGEN SULFIDE,H2S,7783-06-04,372.8,8936.865,98.5,0.1
"1,1,1-TRIFLUOROETHANE [R143A]",C2H3F3,420-46-2,346.25,3759.157,194,0.2619
FLUOROFORM [R23],CHF3,75-46-7,299.05,4752.143,133,0.2528
BENZYL BENZOATE,C14H12O2,120-51-4,825,2533.125,694,0.547
"2,2,2-TRIFLUOROETHANOL",C2H3F3O,75-89-8,499.29,4839.991,205.4,0.6307
3-HEPTANONE,C7H14O,106-35-4,602,2920.186,430,0.4346
CIS-3-HEXENE,C6H12,7642-09-03,517,3282.93,350,0.225
"2,2-DIMETHYLPENTANE",C7H16,590-35-2,520.5,2770.226,416,0.289
"1,1-DICHLOROETHYLENE",C2H2Cl2,75-35-4,489,4679.999,219,0.1705
4-METHYL-HEPTANE,C8H18,589-53-7,561.7,2540.218,476,0.369
1-CHLORODODECANE,C12H25Cl,112-52-7,714.9,1852.221,746,0.621
"3,5-DIMETHYLPYRIDINE",C7H9N,591-22-0,667.3,3951.675,355,0.349
"TRANS-1,4-DIMETHYLCYCLOHEXANE",C8H16,2207-04-07,587.7,2938.425,450,0.2502
DI-TERT-BUTYL ETHER,C8H18O,6163-66-2,550,2459.999,494.9,0.3327
DIISOPENTYL ETHER,C10H22O,0544-01-04,614,2148.09,595,0.523
4-DIMETHYLAMINOTOLUENE,C9H13N,99-97-8,695,3749.025,457,0.529
2-DIMETHYLAMINOTOLUENE,C9H13N,609-72-3,667,3121,457,0.395
BICYCLOHEXYL,C12H22,92-51-3,731.4,2614.185,577,0.3979
"2,2,4,4,6,8,8-HEPTAMETHYLNONANE",C16H34,4390-04-09,692,1469.213,880,0.5256
"1,3,5-TRIFLUOROBENZENE",C6H3F3,372-38-3,530.9,3953.702,304,0.3056
"1,2-DIFLUOROBENZENE",C6H4F2,0367-11-03,565.5,4580.903,290,0.2945
"1,3-DIFLUOROBENZENE",C6H4F2,372-18-9,543.1,4308.339,296.7,0.3161
"1,4-DIFLUOROBENZENE",C6H4F2,540-36-3,557.75,4397.505,296.7,0.2843
"1,2,3,4-TETRAFLUOROBENZENE",C6H2F4,551-62-2,550.75,3790.568,315.2,0.339
"1,2,3,5-TETRAFLUOROBENZENE",C6H2F4,2367-82-0,535.15,3746.999,310,0.3417
"1,2,4,5-TETRAFLUOROBENZENE",C6H2F4,327-54-8,543.35,3800.701,310,0.355
PENTAFLUOROBENZENE,C6HF5,363-72-4,531,3531.176,319.3,0.373
"1,3-CYCLOHEXADIENE",C6H8,592-57-4,559,4450.194,277,0.2
BROMOPENTAFLUOROBENZENE,C6BrF5,0344-04-07,601,3039.75,415,0.355
OCTADECANE,C18H38,593-45-3,747.7,1292,1189,0.8087
CHLOROPENTAFLUOROBENZENE,C6ClF5,344-07-0,570.81,3238.347,384.8,0.4
"1,4-DICHLOROBUTANE",C4H8Cl2,110-56-5,646.7,3694.309,350,0.3064
"1,5-DICHLOROPENTANE",C5H10Cl2,628-76-2,673.6,3267.731,406,0.3546
"1,6-DICHLOROHEXANE",C6H12Cl2,2163-00-0,692.5,2930.319,461,0.4227
2-METHOXY TOLUENE,C8H10O,578-58-5,662,1291.894,392,0.1965
"1,3-BUTANEDIOL",C4H10O2,107-88-0,676,4020,306.4,0.7206
VALERONITRILE,C5H9N,110-59-8,603,3259.625,331,0.4152
1-OCTANAMINE,C8H19N,111-86-4,641,2617,517,0.4509
DIMETHYL SULFIDE,C2H6S,75-18-3,503,5532.345,203.7,0.19
N-TRIDECANOL,C13H28O,112-70-9,732,1790.413,771,0.6942
"2,6-DIMETHYLOCTANE",C10H22,2051-30-1,603.1,2149.995,576,0.4442
DIFLUOROMETHANE [R32],CH2F2,1975-10-05,351.55,5830.241,121,0.271
BROMOCHLOROMETHANE [R30B1],CH2BrCl,74-97-5,558,6180.825,207,0.193
2-PYRROLIDONE,C4H7NO,616-45-5,799,6342.935,250,0.4434
"2,4-TOLUENE DIISOCYANATE",C9H6N2O2,584-84-9,745.2,3538.83,419,0.5441
P-METHYLANILINE,C7H9N,106-49-0,667.15,2305,351,0.4426
4-TERT-BUTYLPHENOL,C10H14O,98-54-4,730,3300.155,480,0.5335
9H-FLUORENE,C13H10,86-73-7,822.32,2989.088,550,0.4196
DIPHENYLENIMINE,C12H9N,86-74-8,900.05,3240.373,525,0.4876
FLUORANTHENE,C16H10,206-44-0,916.11,2573.655,655,0.516
TRICHLOROFLUOROMETHANE [R11],CCl3F,75-69-4,471.15,4407.638,248,0.188
"3,4-DIMETHYLHEXANE",C8H18,583-48-2,568.8,2690.179,466,0.338
"2,5-DIMETHYLPHENOL",C8H10O,95-87-4,706.9,4863.6,350,0.5474
"3,4-DIMETHYLPHENOL",C8H10O,95-65-8,729.8,4964.925,350,0.5602
M-DICHLOROBENZENE,C6H4Cl2,541-73-1,684,3850.35,359,0.2728
TETRAETHOXYSILANE,C8H20O4Si,1978-10-04,592.2,2044.7,657,0.6248
P-TERPHENYL,C18H14,92-94-4,908,2990,728.8,0.6532
ISOBUTYLBENZENE,C10H14,538-93-2,650,3049.883,489.8,0.3694
2-BUTYNE,C4H6,503-17-3,488.6,4900,221,0.1078
HEXAFLUOROETHANE [R116],C2F6,76-16-4,293.04,3041.777,221.9,0.229
PENTAFLUOROETHANE [R125],C2HF5,354-33-6,339.45,3595.011,210,0.3003
BENZOYLCHLORIDE,C7H5ClO,98-88-4,697,4060.093,367,0.4205
BROMODIFLUOROMETHANE [R22B1],CHBrF2,1511-62-2,411.98,5132.01,167,0.2051
BROMOCHLORODIFLUOROMETHANE [R12B1],CBrClF2,353-59-3,426.9,4245.518,230,0.184
TRIACONTANE,C30H62,638-68-6,857,636,1693,1.26
2-METHYLHEPTANE,C8H18,592-27-8,559.7,2499.688,488,0.378
"3,3-DIMETHYLPENTANE",C7H16,562-49-2,536.4,2949.571,414,0.27
OCTACOSANE,C28H58,0630-02-04,845.4,727.513,1583,1.195
ISOBUTYRONITRILE,C4H7N,78-82-0,565,3760.171,278,0.3384
OCTADECANOIC ACID ETHYL ESTER,C20H40O2,111-61-5,781.54,1198.1,1167,0.9408
1-AMINOPENTANE,C5H13N,110-58-7,555,3576.772,346,0.407
DIBUTYLSULFIDE,C8H18S,544-40-1,650,2499.688,536,0.4277
DIMETHYL DISULFIDE,C2H6S2,624-92-0,615,4799.998,260,0.1869
DIETHYL DISULFIDE,C4H10S2,110-81-6,642,3499.999,370,0.3086
N-ETHYLANILINE,C8H11N,103-69-5,698.3,4002.338,402,0.471
ALPHA-AMINOTOLUENE,C7H9N,100-46-9,686,4802.805,347,0.435
"1,2-DIETHOXYETHANE",C6H14O2,629-14-1,542,3220,411,0.65
TETRACOSANE,C24H50,646-31-1,802.62,896.726,1362,1.0411
HEXATRIACONTANE,C36H74,0630-06-08,901,682,2025,1.5125
DOTRIACONTANE,C32H66,544-85-4,851.44,597.818,1800,1.3585
"2,2-DIMETHYLHEXANE",C8H18,590-73-8,549.8,2530.085,478,0.338
"2,2,4-TRIMETHYLHEXANE",C9H20,16747-26-5,573.7,2371.005,526,0.3471
"2,5-DIMETHYLHEXANE",C8H18,592-13-2,550,2489.555,482,0.352
TETRAETHYLENE GLYCOL,C8H18O5,112-60-7,800,3199.843,571,0.8143
"2-ETHYL-2-HYDROXYMETHYL-1,3-PROPANEDIOL",C6H14O3,77-99-6,709,3909.929,416,1.2871
HELIUM,He,7440-59-7,5.3,232.034,57.8,-0.387
NEON,Ne,7440-01-09,44.4,2756.04,41.7,-0.0414
SULFUR HEXAFLUORIDE,F6S,2551-62-4,318.7,3760.171,198.8,0.1499
SULFUR DIOXIDE,O2S,7446-09-05,430.8,7883.085,122,0.251
ETHYL VINYL ETHER,C4H8O,109-92-2,475.37,4075,260,0.2868
2-NONANONE,C9H18O,821-55-6,651.9,2482,254,0.5072
HENEICOSANE,C21H44,629-94-7,778,1030,1200,0.9049
PYRROLE,C4H5N,109-97-7,625.15,5490,214,0.3255
"1,1-DIMETHYLCYCLOPENTANE",C7H14,1638-26-2,547,3445.05,360,0.273
CAPRYLONITRILE,C8H15N,0124-12-09,674.4,2850,506,0.4892
BUTYL VINYL ETHER,C6H12O,111-34-2,540.5,3200,380.6,0.342
HYDROGEN IODIDE,HI,10034-85-2,423.15,8298.518,131,0.05
IODOBENZENE,C6H5I,591-50-4,721,4519.095,351,0.246
"2,3-DIMETHYLHEXANE",C8H18,584-94-1,563.5,2630.397,468,0.346
PERFLUOROPROPANE [R218],C3F8,76-19-7,345.05,2680.046,299,0.3257
DEUTERIUM,D2,7782-39-0,38.4,1659.997,60.3,-0.13
TETRAFLUOROETHYLENE,C2F4,116-14-3,306.5,3940.002,172,0.223
P-METHYLPROPYLBENZENE,C10H14,1074-55-1,660.7,2845.206,482,0.3856
NITROSYLCHLORIDE,ClNO,2696-92-6,440,9119.25,139,0.318
CHLOROTRIFLUOROETHYLENE,C2ClF3,79-38-9,379,4053,212,0.2464
NITROGEN OXIDE,NO,10102-43-9,180,6479.997,58,0.588
PERFLUORO-2-PROPANONE,C3F6O,684-16-2,357.14,2837.1,328.8,0.365
CARBONYL SULFIDE,COS,463-58-1,378.3,6302.415,135.1,0.099
SEC-BUTYL ACETATE,C6H12O2,105-46-4,560,3124.863,388,0.403
ACETIC ACID PHENYL ESTER,C8H8O2,122-79-2,685.7,3590,397,0.4335
ETHYL CHLOROACETATE,C4H7ClO2,105-39-5,618,3899.999,330,0.4
4-FLUOROTOLUENE,C7H7F,352-32-9,589.9,3949.649,331,0.3103
"1,2-ETHANEDIOL-MONOACETATE-MONOETHYL ETHER",C6H12O3,111-15-9,607.3,3161.34,443.5,0.5443
2-N-MONOMETHYLAMINOETHANOL,C3H9NO,109-83-1,630,5300,255.4,0.6022
1-TETRADECENE,C14H28,1120-36-1,689,1560.405,791,0.644
ETHYL TERT-BUTYL ETHER,C6H14O,637-92-3,509.4,2933.931,394,0.3194
FLUOROETHANE [R161],C2H5F,353-36-6,375.3,5025.72,169,0.2153
"1-CHLORO-1,1-DIFLUOROETHANE [R142B]",C2H3ClF2,75-68-3,410.35,4048,228,0.2316
METHYLHYDRAZINE,CH6N2,60-34-4,567,8039.997,271,0.3901
DINITROGEN TETROXIDE,N2O4,10544-72-6,431,10132.5,167,0.8539
NITROGEN TRIFLUORIDE,F3N,7783-54-2,234,4529.228,124,0.1021
PROPYL SILICATE,C12H28O4Si,0682-01-09,647.7,1696.2,867,0.7546
METHYL FLUORIDE [R41],CH3F,593-53-3,317.8,5876.85,110,0.1774
METHYL BROMIDE [R40B1],CH3Br,74-83-9,467,8265.79,156,0.1642
P-METHYL-STYRENE,C9H10,622-97-9,669,3303.195,402,0.283
1-ETHYL-2-METHYLBENZENE,C9H12,611-14-3,651.5,3140,439.9,0.3197
1-ETHYL-3-METHYLBENZENE,C9H12,620-14-4,645.1,3248.48,490,0.3319
1-ETHYL-4-METHYLBENZENE,C9H12,622-96-8,638.7,3230,439.9,0.3731
"1,2,3,4-TETRAMETHYLBENZENE",C10H14,488-23-3,700.5,3273.811,435.7,0.3879
"1,2,3,5-TETRAMETHYL BENZENE",C10H14,527-53-7,679,2841.153,436.2,0.4051
2-ETHYL M-XYLENE,C10H14,2870-04-04,665.1,2929.306,446.2,0.4359
2-ETHYL P-XYLENE,C10H14,1758-88-9,662.6,2899.922,460.8,0.4175
4-ETHYL O-XYLENE,C10H14,934-80-5,662.6,2899.922,452.1,0.4472
4-ETHYL M-XYLENE,C10H14,874-41-9,662.6,2899.922,482,0.4331
5-ETHYL M-XYLENE,C10H14,934-74-7,649.1,2800.623,458,0.4692
"1,3-DIETHYLBENZENE",C10H14,141-93-5,657.1,2919.173,467.7,0.3927
"1,4-DIETHYLBENZENE",C10H14,0105-05-05,657.88,2802.649,478.2,0.409
O-ISOPROPYL-TOLUENE,C10H14,527-84-4,657.3,2904.988,490.2,0.369
M-ISOPROPYL-TOLUENE,C10H14,535-77-3,651.4,2846.219,490.2,0.3628
O-PROPYLTOLUENE,C10H14,1074-17-5,662.1,2887.763,489.8,0.399
2-PROPYL P-XYLENE,C11H16,3042-50-0,679.7,2654.715,551.1,0.4295
"2,5-DIMETHYL CUMENE",C11H16,4132-72-3,668.8,2629.384,551.1,0.4297
"1,2-DIMETHYL NAPHTHALENE",C12H12,573-98-8,790.24,3361.964,469.2,0.3951
"1,5-DIMETHYL NAPHTHALENE",C12H12,571-61-9,781.3,3219.095,473.4,0.4261
"1,6-DIMETHYL NAPHTHALENE",C12H12,575-43-9,778.2,3222.135,472.6,0.412
"1,7-DIMETHYL NAPHTHALENE",C12H12,575-37-1,778.2,3222.135,472.6,0.4327
"2,3-DIMETHYL NAPHTHALENE",C12H12,581-40-8,785.2,3217.069,513.9,0.4137
"2,6-DIMETHYL NAPHTHALENE",C12H12,581-42-0,777.2,3222.135,507.7,0.3818
"2,7-DIMETHYL NAPHTHALENE",C12H12,582-16-1,778.2,3222.135,507.7,0.4069
2-ETHYL NAPHTHALENE,C12H12,939-27-5,771.8,3171.472,516,0.4114
3-METHYL CYCLOPENTENE,C6H10,1120-62-3,523.2,3828.058,306.8,0.227
"TRANS-1,3-DIMETHYL CYCLOHEXANE",C8H16,2207-03-06,598,2938.425,460,0.2118
"CIS-1,3-DIMETHYL CYCLOHEXANE",C8H16,638-04-0,591,2938.425,460,0.2828
"CIS-1,4-DIMETHYL CYCLOHEXANE",C8H16,624-29-3,598,2938.425,460,0.2338
N-PROPYL CYCLOHEXANE,C9H18,1678-92-8,639,2546.297,481.3,0.2585
2-METHYL TETRALIN,C11H14,3877-19-8,715.2,2968.822,500,0.39
6-METHYL TETRALIN,C11H14,1680-51-9,733.2,3116.757,483.1,0.3769
"2,3-DIMETHYLPYRIDINE",C7H9N,583-61-9,655.4,4109.742,359,0.3408
"2,5-DIMETHYLPYRIDINE",C7H9N,589-93-5,644.2,3874.668,359,0.3501
3-ETHYLPYRIDINE,C7H9N,536-78-7,661,4000.108,368,0.3367
4-ETHYLPYRIDINE,C7H9N,536-75-4,663,4099.609,368,0.3392
M-TOLUONITRILE,C8H7N,620-22-4,710,3749.025,400,0.4244
P-TOLUONITRILE,C8H7N,104-85-8,723,3546.375,400,0.3939
4-ETHYL ANILINE,C8H11N,589-16-2,715,3850.35,402,0.479
"9,10-DIHYDROPHENANTHRENE",C14H12,776-35-2,774,1314.185,660,0.5475
3-METHYL-ISOQUINOLINE,C10H9N,1125-80-0,808,5099.687,500,0.351
"2,4-DIMETHYL QUINOLINE",C11H11N,1198-37-4,807,3899.999,552,0.3909
"2,3-DIHYDRO-4H-PYRAN",C5H8O,110-87-2,561.7,4559.625,268,0.2392
4-ETHYLPHENOL,C8H10O,0123-07-09,716.4,4053,400,0.4892
2-ETHYLPHENOL,C8H10O,90-00-6,703,4296.18,381,0.4793
P-PHENYLPHENOL,C12H10O,92-69-3,825,3495.713,500,0.5695
THIACYCLOBUTANE,C3H6S,287-27-4,603.15,6099.765,204,0.182
2-METHYL THIOPHENE,C5H6S,554-14-3,606.2,4673.109,279.4,0.2381
3-METHYL THIOPHENE,C5H6S,616-44-4,610.8,4787.606,274.8,0.243
TETRAHYDROTHIOPYRAN,C5H10S,1613-51-0,654,4549.493,293,0.219
2-METHYL-THIACYCLOPENTANE,C5H10S,1795-09-01,631.2,4300.233,306,0.245
3-METHYL-THIACYCLOPENTANE,C5H10S,4740-00-5,641.2,4375.214,306,0.246
CYCLOPENTANE-THIOL,C5H10S,1679-07-08,629,4274.902,320,0.253
BENZENETHIOL,C6H6S,108-98-5,685,4600.155,317,0.284
"2,3-DIMETHYL THIOPHENE",C6H8S,632-16-6,635.2,3879.734,332,0.2679
"2,4-DIMETHYL THIOPHENE",C6H8S,638-00-6,631.2,4014.496,332,0.2955
"2,5-DIMETHYL THIOPHENE",C6H8S,0638-02-08,625.2,3890.373,332,0.2811
"3,4-DIMETHYL THIOPHENE",C6H8S,632-15-5,640.2,3907.7,332,0.2674
3-METHYL-THIACYCLOHEXANE,C6H12S,5258-50-4,664,3874.668,350,0.249
2-METHYL-THIACYCLOHEXANE,C6H12S,5161-16-0,656,3825.019,350,0.245
4-METHYL THIACYCLOHEXANE,C6H12S,5161-17-1,665,3849.944,350,0.245
CYCLOHEXANETHIOL,C6H12S,1569-69-3,664.2,3849.337,401,0.252
"1,2-DIISOPROPYLBENZENE",C12H18,577-55-9,668.95,2445.985,582.9,0.4743
"1,3-DIISOPROPYLBENZENE",C12H18,99-62-7,664.35,2348.714,582.9,0.4858
2-N-PROPYLNAPHTHALENE,C13H14,2027-19-2,780.05,2849.259,563.5,0.4943
2-N-BUTYLNAPHTHALENE,C14H16,1134-62-9,793.35,2541.231,610,0.4656
PYRENE,C16H10,129-00-0,938.2,2604.053,626,0.4862
O-TERPHENYL,C18H14,84-15-1,857,2990,731.1,0.5459
"1,1-DIMETHYLCYCLOHEXANE",C8H16,590-66-9,591,2938.425,450,0.238
"TRANS-1,2-DIMETHYLCYCLOHEXANE",C8H16,6876-23-9,596,2938.425,460,0.2296
THIANTHRENE,C12H8S2,92-85-3,920,3420,584.1,0.4602
"4,7-DIMETHYL INDAN",C11H14,6682-71-9,722.3,4742,514,0.502
PYRAZINE,C4H4N2,290-37-9,622,5799.843,250,0.2392
2-METHYL PYRAZINE,C5H6N2,109-08-0,634.4,5005.455,318.7,0.2749
"2,5-DIMETHYL PYRROLE",C6H9N,625-84-3,661,5099.687,323,0.446
O-TOLUNITRILE,C8H7N,529-19-1,709,3951.675,400,0.4092
INDOLE,C8H7N,120-72-9,790.7,4275.915,369,0.3464
"2,6-DIMETHYLANILINE",C8H11N,87-62-7,722,4199.921,402,0.4273
8-METHYLQUINOLINE,C10H9N,611-32-5,791,5000.389,470,0.3855
ACRIDINE,C13H9N,260-94-6,905.15,3600.077,543.1,0.4133
"1,4-DIHYDROXYBENZENE",C6H6O2,123-31-9,820,6749.967,292,0.6598
3-ETHYLPHENOL,C8H10O,620-17-7,718.8,4154.325,389,0.5105
"1,2,3-TRIHYDROXYBENZENE",C6H6O3,87-66-1,840,6251.753,307,0.6095
2-PROPYLPHENOL,C9H12O,644-35-9,705,3850.35,442,0.5982
DIBENZOFURAN,C12H8O,132-64-9,809.59,3201.87,493.4,0.4336
3-ETHYLTHIOPHENE,C6H8S,1795-01-03,629,4154.325,332,0.2815
1-CYCLOPENTYL-1-THIAETHANE,C6H12S,7133-36-0,652,3749.025,375,0.2885
1-PHENYL-1-THIAETHANE,C7H8S,100-68-5,706,4070.225,372,0.3351
3-METHYL-5-ETHYL-PHENOL,C9H12O,698-71-5,725,3566.64,442,0.5613
"2,3,5-TRIMETHYLPHENOL",C9H12O,697-82-5,730,3850.35,442,0.5475
"1,2-DIHYDROXYNAPHTHALENE",C10H8O2,574-00-5,718.59,3505.845,450,0.3
"1,3,5-TRIETHYLBENZENE",C12H18,102-25-0,679,2435,616.6,0.5238
DIBENZOTHIOPHENE,C12H8S,132-65-0,897,3860,515.9,0.3863
ACENAPHTHYLENE,C12H8,208-96-8,796.87,3221.922,475.6,0.3609
"2,3,3-TRIMETHYL-1-BUTENE",C7H14,594-56-9,533,2897.895,400,0.192
"1,1,1,2,2-PENTAFLUOROPROPANE",C3H3F5,1814-88-6,380.12,3137.002,273.2,0.3016
CYCLOPROPANE,C3H6,75-19-4,398,5540.451,162,0.1261
N-HEXANOIC ACID NITRILE,C6H11N,628-73-9,622.05,2920.186,384,0.4743
CARBONIC ACID DIETHYL ESTER,C5H10O3,105-58-8,576.33,3367.4,360,0.4561
ETHYLENE CARBONATE,C3H4O3,96-49-1,794.82,6141.84,195,0.406
DIMETHYLSUCCINATE,C6H10O4,106-65-0,665.73,3092.783,420,0.5386
DI-N-OCTYL THIOETHER,C16H34S,2690-08-06,780,1800,1112,0.8067
CYCLOBUTANE,C4H8,287-23-0,458,5045.985,218,0.2061
DIGLYCOLAMINE,C4H11NO2,0929-06-06,727,6220,325,0.6432
1-PHENYLDECANE,C16H26,104-72-3,753,1779.997,850,0.6646
1-PHENYLDODECANE,C18H30,0123-01-03,779.1,1570.538,980,0.7278
1-PHENYLTETRADECANE,C20H34,1459-10-05,792,1419.999,1110,0.8171
1-PHENYLPENTADECANE,C21H36,2131-18-2,800,1350.004,1140,0.4254
DIBENZYLAMINE,C14H15N,103-49-1,835,4053,624,0.485
2-HEPTANOL,C7H16O,543-49-7,608.3,3021.005,441.8,0.5784
"2,2,3,3-TETRAMETHYLBUTANE",C8H18,594-82-1,567.8,2867.497,461,0.2469
1-CHLOROHEXANE,C6H13Cl,0544-10-05,594.4,3052.922,416,0.3738
PERFLUORONONANE,C9F20,375-96-2,523.95,1560,800,0.5193
3-ETHYLPENTANE,C7H16,617-78-7,540.6,2889.789,416,0.31
N-BUTYLCYCLOHEXANE,C10H20,1678-93-9,667,3151.208,530,0.3524
2-ETHYLTHIOPHENE,C6H8S,872-55-9,626,4002.338,332,0.2653
N-BUTYLMERCAPTAN,C4H10S,109-79-5,570.1,4002.338,324.4,0.2734
ISO-BUTYLMERCAPTAN,C4H10S,513-44-0,557,3899.999,307,0.2485
SEC-BUTYLMERCAPTAN,C4H10S,513-53-1,551,3849.995,307,0.2479
1-BUTYNE,C4H6,107-00-6,440,4600,208,0.2485
"1,2-BUTADIENE",C4H6,590-19-2,443.7,4498.83,219,0.255
PROPYNE,C3H4,74-99-7,402.4,5623.538,164,0.218
"1,1,2,2-TETRACHLORO-1,2-DIFLUOROETHANE [R112]",C2Cl4F2,76-12-0,551,3445.05,358,0.273
TRANS-2-PENTENE,C5H10,0646-04-08,475,3657.832,300,0.2409
"2,2,3,3,3-PENTAFLUOROPROPANOL",C3H3F5O,0422-05-09,536.7,5230,287,0.4281
HEXYLMERCAPTAN,C6H14S,111-31-9,622,3020.002,426,0.3646
OCTYLMERCAPTAN,C8H18S,111-88-6,667.3,2500.002,505,0.4466
SULFUR TRIOXIDE,O3S,7446-11-09,490.85,8207.325,127.8,0.4121
METHYL ETHYL ETHER,C3H8O,540-67-0,437.8,4397.505,221,0.2361
"2,2,3-TRIMETHYLPENTANE",C8H18,0564-02-03,563.5,2729.696,436,0.297
FLUORINE,F2,7782-41-4,144.31,5215.198,66.2,0.0588
PROPADIENE,C3H4,463-49-0,393.9,5250,166,0.0645
"1,2-EPOXYBUTANE",C4H8O,106-88-7,520,4660.95,250,0.3021
"2,2,3,3,4,4,5,5,5-NONAFLUORO-1-PENTANOL",C5H3F9O,355-28-2,521.45,2330,450,0.6788
OZONE,O3,10028-15-6,261.05,5532,89,0.1559
"1,2-EPOXYHEXANE",C6H12O,1436-34-6,585,3303.195,360,0.318
CAPRALDEHYDE,C10H20O,112-31-2,674.2,2604.053,599,0.552
"1,1-DICHLORO TETRAFLUORO ETHANE [R114A]",C2Cl2F4,0374-07-02,418.65,3303,293.7,0.2588
1-NONYLCHLORIDE,C9H19Cl,2473-01-0,663,2307.17,581,0.5018
2-METHYLPROPANOIC ACID METHYL ESTER,C5H10O2,547-63-7,540.8,3434.918,339,0.362
TETRAMETHOXYSILANE,C4H12O4Si,681-84-5,562.8,2872.6,445,0.4425
BUTYRIC ANHYDRIDE,C8H14O3,106-31-0,639,2689.976,501,0.6663
"1,1-DIHYDROPERFLUOROHEPTANOL",C7H3F13O,375-82-6,554.65,2220,614,0.8227
"1,1-DIFLUOROETHENE",C2H2F2,75-38-7,303,4430,154,0.1506
1-TRIDECENE,C13H26,2437-56-1,674,1700,740,0.598
1-PENTADECENE,C15H30,13360-61-7,704,1450.001,850,0.682
HEXADECYLBENZENE,C22H38,1459-09-02,808,1289.999,1200,0.9525
1-PHENYLUNDECANE,C17H28,6742-54-7,764,1669.998,910,0.7082
1-PHENYLTRIDECANE,C19H32,0123-02-04,784,1499.995,1040,0.8055
"3,3-DIETHYLPENTANE",C9H20,1067-20-5,610,2669.995,484,0.3267
1-METHOXY-2-PROPANOL,C4H10O2,107-98-2,579.8,4113,279.9,0.448
"PROPIONIC ACID,BETA ETHOXY,ETHYL ESTER",C7H14O3,763-69-9,618.7,2659.781,458.3,0.5149
"1,2-EPOXY-7-OCTENE",C8H14O,19600-63-6,644.68,2732.63,450,0.3619
"TRANS-1,3-DIMETHYLCYCLOPENTANE",C7H14,1759-58-6,552,3300.155,378,0.248
"2,2-DICHLOROPROPANE",C3H6Cl2,594-20-7,536.8,4277.942,280,0.2206
ETHYL ISOBUTYRATE,C6H12O2,97-62-1,553,3049.883,421,0.4247
ETHYLENE GLYCOL MONOPROPYL ETHER,C5H12O2,2807-30-9,614.6,3649.727,364.2,0.472
"1,1,1,2-TETRAFLUOROETHANE [R134A]",C2H2F4,811-97-2,374.25,4064.146,204.1,0.3259
"1,1-DICHLORO-1-FLUOROETHANE [R141B]",C2H3Cl2F,1717-00-6,477.35,4339.75,257.3,0.2016
"2,3,4,5,6-PENTAFLUOROPHENOL",C6HF5O,771-61-9,609,4000,349.7,0.4969
2-CYCLOHEXEN-1-ONE,C6H8O,930-68-7,685,4530,307.6,0.3076
2-AMINOBIPHENYL,C12H11N,90-41-5,838,3933,592.3,0.4525
PERFLUORO-2-METHYLPENTANE,C6F14,0355-04-04,455.3,1923,550,0.4464
DIETHYLENE GLYCOL MONOETHYL ETHER ACETATE,C8H16O4,112-15-2,663,2730,546,0.7404
DIETHYLENE GLYCOL MONOBUTYL ETHER ACETATE,C10H20O4,124-17-4,693.9,2150,656,0.7837
TETRACONTANE,C40H82,4181-95-7,882.83,414.419,2250,1.684
TETRATETRACONTANE,C44H90,7098-22-8,894.37,347.545,2470,1.855
DIETHYLENETRIAMINE,C4H13N3,111-40-0,709,4300,361.1,0.4537
HEXACOSANE,C26H54,0630-01-03,817.06,806.547,1475,1.117
IODOTRIFLUOROMETHANE,CF3I,2314-97-8,396.44,3953,226,0.1775
"3,3-DIMETHYLHEXANE",C8H18,563-16-6,562,2649.649,443,0.3176
2-METHYL-2-PROPANETHIOL,C4H10S,75-66-1,523,3799.688,314,0.2187
"2,2-DIMETHYLOXIRANE",C4H8O,558-30-5,515,4691.347,243,0.2424
TRIFLUOROACETONITRILE,C2F3N,353-85-5,311.11,3618.316,202.2,0.2857
PERFLUOROBUTANE,C4F10,355-25-9,385.84,2289.945,372,0.372
"1,10-DICHLORODECANE",C10H20Cl2,2162-98-3,752.5,2072.096,681,0.5783
PHENYL ISOCYANATE,C7H5NO,103-71-9,675,4540,345.5,0.2946
"1,1-DICHLORO-2,2,2-TRIFLUOROETHANE [R123]",C2HCl2F3,306-83-2,456.85,3669.992,275.1,0.2825
"5,6-EPOXY-CIS-CYCLOOCTENE",C8H12O,19740-90-0,700.86,3396.92,390,0.3316
HEXAMETHYLENE DIISOCYANATE,C8H12N2O2,822-06-0,720.8,2860.21,513,0.6813
TRICOSANE,C23H48,638-67-5,790,947.389,1310,1.0247
"1,2-DIBROMOTETRAFLUOROETHANE",C2Br2F4,124-73-2,487,3450.116,330,0.2541
1-EICOSANOL,C20H42O,629-96-9,808,1150.039,1160,1.1571
"3,3,3-TRIFLUOROPROPYLENE",C3H3F3,677-21-4,376.2,3609,211,0.3064
2-METHYL-3-ETHYL-PENTANE,C8H18,609-26-7,567.1,2700.311,442,0.3273
PERFLUOROTETRAHYDROFURAN,C4F8O,773-14-8,399.96,2694,318,0.2989
"4,6-DIMETHYLINDAN",C11H14,1685-82-1,761,4531,510,0.3249
9-METHYLCARBAZOLE,C13H11N,1484-12-04,890,3376,571.7,0.4617
P-CHLOROPHENYLISOCYANATE,C7H4ClNO,0104-12-01,676.9,4064.29,350,0.5575
"3,4-DICHLOROPHENYLISOCYANATE",C7H3Cl2NO,102-36-3,756,3680.3,365,0.3435
HEXAMETHYLCYCLOTRISILOXANE,C6H18O3Si3,0541-05-09,554.2,2229.15,707,0.5976
DECAMETHYLCYCLOPENTASILOXANE,C10H30O5Si5,0541-02-06,617.4,1035,1216,0.6272
TETRADECANOIC ACID ETHYL ESTER,C16H32O2,0124-06-01,743.41,1454.8,950,0.7994
HEXADECANOIC ACID ETHYL ESTER,C18H36O2,628-97-7,765.18,1315.2,1060,0.8494
3-METHYL-3-ETHYLPENTANE,C8H18,1067-08-09,576.5,2809.742,455,0.3009
HEXACHLOROPROPENE,C3Cl6,1888-71-7,680,2500,522.4,0.488
"1,1-DIMETHYLINDANE",C11H14,4912-92-9,683,2994,510,0.3575
"2,3,3-TRIMETHYLPENTANE",C8H18,560-21-4,573.5,2819.875,455,0.2867
DECYL METHYL ETHER,C11H24O,7289-52-3,657.97,1934.294,666,0.5919
ENFLURANE,C3H2ClF5O,13838-16-9,475.03,2980,335,0.4285
ISOFLURANE,C3H2ClF5O,26675-46-7,467.8,3046,340,0.4003
"2,2,3-TRIMETHYLHEXANE",C9H20,16747-25-4,535,2490,511,0.7799
"1,1-DICHLORO-2,2,3,3,3-PENTAFLUOROPROPANE R225CA",C3HCl2F5,422-56-0,476.71,3060,365,0.3312
DECAMETHYLTETRASILOXANE,C10H30O3Si4,141-62-8,599.4,1264.536,1157,0.682
DODECAMETHYLPENTASILOXANE,C12H36O4Si5,141-63-9,628.4,945.362,1450,1.3232
TETRADECAMETHYLHEXASILOXANE,C14H42O5Si6,107-52-8,653.2,803.507,1808,0.8126
"1,2-DICHLORO-1,2,2-TRIFLUOROETHANE [R123A]",C2HCl2F3,354-23-4,461.7,3990,275.3,0.303
"PROPIONIC ACID, ANHYDRIDE",C6H10O3,123-62-6,625.54,2833.86,420,0.4876
PROPYLENE GLYCOL MONOMETHYL ETHER ACETATE,C6H12O3,108-65-6,597.6,3009.353,431.9,0.4849
"1,1,4,6-TETRAMETHYLINDAN",C13H18,941-60-6,733,3046,610,0.4195
"1,1,4,7-TETRAMETHYLINDAN",C13H18,1078-04-02,758,3287,610,0.3785
BENZOXAZOLE,C7H5NO,273-53-0,695,4500,345.5,0.3523
DIOCTYLAMINE,C16H35N,1120-48-5,734,1260,1087,0.8189
HEXADECAMETHYLHEPTASILOXANE,C16H48O6Si7,0541-01-05,671.8,676.851,2133,0.8827
OCTADECAMETHYLOCTASILOXANE,C18H54O7Si8,556-69-4,688.9,624.162,2466,0.9959
METHYLTRIS(TRIMETHYLSILOXY)SILANE,C10H30O3Si4,17928-28-8,596.95,1215.9,1125,0.6432
TETRAKIS(TRIMETHYLSILOXY)SILANE,C12H36O4Si5,3555-47-3,622.6,830.865,1400,0.6206
OCTADECAMETHYLCYCLONONASILOXANE,C18H54O9Si9,556-71-8,705.8,650.507,2250,0.9868
3-ETHYLHEXANE,C8H18,619-99-8,565.5,2610.132,455,0.3584
METHYL BUTYL SULFIDE,C5H12S,628-29-5,591.3,3880.747,371,0.3691
2-ETHYLHEXANALDEHYDE,C8H16O,0123-05-07,607,2580.748,473,0.5195
PIPERAZINE,C4H10N2,110-85-0,661,5800,267,0.3127
PERFLUOROOCTANE,C8F18,307-34-6,502.25,1660,717,0.6091
DIFLUOROBIS(TRIFLUOROMETHOXY)METHANE,C3F8O2,53772-78-4,372.35,2333,363,0.4176
"1,1,2,2-TETRAFLUOROETHYL-TRIFLUOROMETHYLETHER",C3HF7O,2356-61-8,387.78,2640,337,0.4223
DIFLUOROMETHOXYTRIFLUOROMETHANE,C2HF5O,3822-68-2,353.54,3326,192,0.3362
TRIFLUOROMETHOXYMETHANE,C2H3F3O,421-14-7,378.02,3588,228,0.238
2-NONANOL,C9H20O,628-99-9,650.1,2530,574.7,0.606
"1,1,1,5,5,5-HEXAFLUORO-2,4-PENTANEDIONE",C5H2F6O2,1522-22-1,485.1,2767.2,289.2,0.5132
"1,1,1,2,3,3,3-HEPTAFLUOROPROPANE [R227EA]",C3HF7,431-89-0,374.83,2911.6,274,0.3577
4-TERT-BUTYLCATECHOL,C10H14O2,98-29-3,775,3700,565.1,0.7257
"2,2,4,4,5,5-HEXAFLUORO-1,3-DIOXOLANE",C3F6O2,21297-65-4,368.07,2709,290,0.3075
HEXAFLUOROOXETANE,C3F6O,425-82-1,361.85,3030,272,0.3092
NITROGEN DIOXIDE,NO2,10102-44-0,431,10132.5,82,0.8555
"2,3,4,5,6-PENTAFLUOROTOLUENE",C7H3F5,771-56-2,566.52,3126,382.4,0.417
"3,6-DIMETHYL-1,4-DIOXANE-2,5-DIONE",C6H8O4,95-96-5,750,3400.467,390,0.613
N-(2-AMINOETHYL)ETHANOLAMINE,C4H12N2O,111-41-1,739.2,4650,335,0.4634
"1,3-DICHLORO-1,1,2,2,3-PENTAFLUOROPROPANE R225CB",C3HCl2F5,507-55-1,484.91,2980,366,0.3014
2-NORBORNENE,C7H10,498-66-8,590,4860,310.7,0.1892
PERFLUORODECANE,C10F22,307-45-9,542.35,1450,880,0.5586
PERFLUOROMETHYLPROPYLETHER,C4F10O,59426-77-6,391.7,1866,403,0.3662
PERFLUORO-3-METHYLPENTANE,C6F14,865-71-4,450,1692,555,0.4733
PERFLUOROTOLUENE,C7F8,434-64-0,534.47,2705,424.9,0.4685
DIMETHYL TEREPHTHALATE,C10H10O4,120-61-6,763.15,2749.96,530,0.6516
CYANOGEN,C2N2,460-19-5,400,5978.175,200,0.2791
3-CHLOROPHENYLISOCYANATE,C7H4ClNO,2909-38-8,712.22,4064.29,321,0.3808
TETRAFLUOROHYDRAZINE,F4N2,10036-47-2,309.35,3708,90,0.1477
6-CHLOROHEXYL ISOCYANATE,C7H12ClNO,13654-91-6,668.9,2901.18,521,0.7923
"2,2,3,4-TETRAMETHYLPENTANE",C9H20,1186-53-4,592.6,2600,492,0.3103
"2,3,3,4-TETRAMETHYLPENTANE",C9H20,16747-38-9,607.5,2719.563,487,0.31
"2,2,3,3-TETRAMETHYLPENTANE",C9H20,7154-79-2,607.5,2739.828,494,0.3005
"2,2,4,4-TETRAMETHYLPENTANE",C9H20,1070-87-7,574.6,2489.555,509,0.3099
"4,5,9,10-TETRAHYDROPYRENE",C16H14,781-17-9,900,3000,639.5,0.4551
"1,2,3,6,7,8-HEXAHYDROPYRENE",C16H16,1732-13-4,920,3610,666.6,0.4666
"1,2-EPOXYCYCLOOCTANE",C8H14O,286-62-4,693.32,3452.06,405,0.3254
"1-CHLORO-2,2-DIFLUOROETHYLENE",C2HClF2,0359-10-04,400.55,4461,197.4,0.2205
"CIS-1,2-EPOXYCYCLOPENTANE",C5H8O,285-67-6,582.16,4508.03,273,0.2507
"1,3,5-TRICHLORO-2,4,6-TRIFLUOROBENZENE",C6Cl3F3,319-88-0,684.8,3270,447.3,0.5276
DICHLORODIETHYLSILANE,C4H10Cl2Si,1719-53-5,595.75,3060,455.4,0.3169
"2,3,4,9-TETRAHYDRO-9-METHYL-1H-CARBAZOLE",C13H15N,6303-88-4,854,2709,599.6,0.5115
2-CHLOROPHENYLISOCYANATE,C7H4ClNO,3320-83-0,680.9,4064.29,334,0.5596
TRANS-PERFLUOROBICYCLO[4.3.0]NONANE,C9F16,75240-06-1,526,1680,646,0.5311
CIS-PERFLUOROBICYCLO[4.3.0]NONANE,C9F16,75262-87-2,530,1710,638,0.4647
PHENOXATHIIN,C12H8OS,262-20-4,863,3105,560.7,0.4539
"1,4-BIS(1,1-DIMETHYLETHYL)BENZENE",C14H22,1012-72-2,708,2300,723.3,0.5019
"1,4-BUTANEDIISOCYANATE",C6H8N2O2,4538-37-8,706.7,3600.16,401,0.5983
"1,8-OCTANEDIISOCYANATE",C10H16N2O2,10124-86-4,745.1,2371.02,711,0.786
"1,3-DIMETHYL ADAMANTANE",C12H20,702-79-4,708,3000,575,0.2958
ETHYL OCTYL SULFIDE,C10H22S,3698-94-0,700,2400,697.4,0.5298
CIS-5-ETHYLIDENE-2-NORBORNENE,C9H12,28304-66-7,629,3400,294,0.3118
METHYL-5-FORMYL VALERATE,C7H12O3,6654-36-0,670,3100,451,0.6916
"2,5-DIHYDROBENZO-3,4-FURAN",C8H8O,496-14-0,700,4285,360.5,0.3664
"1,1,1,2,2,3,3-HEPTAFLUORO-3-METHOXYPROPANE",C4H3F7O,0375-03-01,437.7,2481,377.5,0.424
"1,1,2,2,3-PENTAFLUOROPROPANE [R245CA]",C3H3F5,679-86-7,447.57,3925.026,256,0.3577
"1,1,1,2,2,3,3,4-OCTAFLUOROBUTANE",C4H2F8,662-35-1,431.95,2725,343.5,0.4014
DICYCLOHEXYL SULFIDE,C12H22S,7133-46-2,770,2370,694.3,0.515
2-PHENOXYMETHYLOXIRANE,C9H10O2,122-60-1,720,2950,324,0.5939
TETRAKIS(DIMETHYLAMINO)ETHYLENE,C10H24N4,996-70-3,680,2400,641,0.3861
PERFLUOROETHYLMETHYLETHER,C3F8O,665-16-7,356.85,2315,318.8,0.3449
"2-METHYL-1,3-PROPANEDIOL",C4H10O2,2163-42-0,708,5350,282,0.5869
EXO-TETRAHYDRODICYCLOPENTADIENE,C10H16,2825-83-4,698,3733,285,0.2841
"2,2,3,3-TETRAFLUOROPROPYL-1,1,1,2,3,3-HEXAFLUOROPROPYLETHER",C6H4F10O,529484-85-3,507.65,1840,528.2,0.5935
PERFLUORO-TERT.-BUTYLMETHYLETHER,C5H3F9O,66670-22-2,462.72,2366,448.1,0.4054
"2,2,3,3,5,5,6-HEPTAFLUORO-1,4-DIOXANE",C4HF7O2,34118-18-8,452.88,2866,358.5,0.3855
"4,4,5,5-TETRAFLUORO-2-TRIFLUOROMETHYL-1,3-DIOXOLANE",C4HF7O2,269716-57-6,435.06,2645,376.2,0.4229
"3,3,4,4,4-PENTAFLUORO-2-BUTANONE",C4H3F5O,374-41-4,453.03,2912,333.5,0.4148
"3,4,4,4-TETRAFLUORO-3-TRIFLUOROMETHYL-2-BUTANONE",C5H3F7O,80553-01-1,467.24,2522,409.4,0.4195
